date,state,location,fuel_type,price_cpl
2026-03-12,QLD,Brisbane,diesel,248.2
2026-03-12,QLD,Brisbane,e10,205.6
2026-03-12,QLD,Brisbane,p95,219.4
2026-03-12,QLD,Brisbane,p98,235.5
2026-03-12,QLD,Brisbane,ulp91,207.6
2026-03-12,VIC,Melbourne,diesel,205.3
2026-03-12,VIC,Melbourne,p98,213.9
2026-03-12,VIC,Melbourne,ulp91,180.2
2026-03-12,WA,Perth,diesel,240.6
2026-03-12,WA,Perth,p95,219.7
2026-03-12,WA,Perth,p98,229.7
2026-03-12,WA,Perth,ulp91,208.6
2026-03-13,QLD,Brisbane,diesel,260.4
2026-03-13,QLD,Brisbane,e10,222.5
2026-03-13,QLD,Brisbane,p95,222.3
2026-03-13,QLD,Brisbane,p98,238.7
2026-03-13,QLD,Brisbane,ulp91,222.2
2026-03-13,VIC,Melbourne,diesel,258.5
2026-03-13,VIC,Melbourne,e10,220.5
2026-03-13,VIC,Melbourne,p95,233.2
2026-03-13,VIC,Melbourne,p98,250.6
2026-03-13,VIC,Melbourne,ulp91,219.7
2026-03-13,WA,Perth,diesel,260.5
2026-03-13,WA,Perth,p95,231.2
2026-03-13,WA,Perth,p98,241.3
2026-03-13,WA,Perth,ulp91,220.2
2026-03-16,WA,Perth,diesel,263.1
2026-03-16,WA,Perth,p95,234.5
2026-03-16,WA,Perth,p98,244.5
2026-03-16,WA,Perth,ulp91,223.5
2026-03-17,WA,Perth,diesel,262.4
2026-03-17,WA,Perth,p95,235.6
2026-03-17,WA,Perth,p98,245.6
2026-03-17,WA,Perth,ulp91,224.6
2026-03-18,QLD,Brisbane,diesel,274.8
2026-03-18,QLD,Brisbane,e10,221.5
2026-03-18,QLD,Brisbane,p95,240.9
2026-03-18,QLD,Brisbane,p98,258.0
2026-03-18,QLD,Brisbane,ulp91,223.5
2026-03-18,VIC,Melbourne,p98,252.7
2026-03-18,VIC,Melbourne,ulp91,217.7
2026-03-18,WA,Perth,diesel,269.6
2026-03-18,WA,Perth,p95,238.7
2026-03-18,WA,Perth,p98,248.8
2026-03-18,WA,Perth,ulp91,227.7
2026-03-19,VIC,Melbourne,diesel,285.1
2026-03-19,VIC,Melbourne,e10,240.0
2026-03-19,VIC,Melbourne,p95,255.1
2026-03-19,VIC,Melbourne,p98,273.6
2026-03-19,VIC,Melbourne,ulp91,242.0
2026-03-19,WA,Perth,diesel,279.9
2026-03-19,WA,Perth,p95,243.7
2026-03-19,WA,Perth,p98,253.8
2026-03-19,WA,Perth,ulp91,232.7
2026-03-20,QLD,Brisbane,diesel,278.8
2026-03-20,QLD,Brisbane,e10,230.1
2026-03-20,QLD,Brisbane,p95,247.3
2026-03-20,QLD,Brisbane,p98,266.4
2026-03-20,QLD,Brisbane,ulp91,228.9
2026-03-20,WA,Perth,diesel,286.3
2026-03-20,WA,Perth,p95,248.4
2026-03-20,WA,Perth,p98,258.5
2026-03-20,WA,Perth,ulp91,237.4
2026-03-23,WA,Perth,diesel,290.1
2026-03-23,WA,Perth,p95,251.2
2026-03-23,WA,Perth,p98,261.2
2026-03-23,WA,Perth,ulp91,240.2
2026-03-24,QLD,Brisbane,diesel,310.7
2026-03-24,QLD,Brisbane,e10,250.7
2026-03-24,QLD,Brisbane,p95,261.8
2026-03-24,QLD,Brisbane,p98,280.9
2026-03-24,QLD,Brisbane,ulp91,251.1
2026-03-24,VIC,Melbourne,diesel,330.0
2026-03-24,VIC,Melbourne,e10,267.5
2026-03-24,VIC,Melbourne,p95,285.3
2026-03-24,VIC,Melbourne,p98,301.7
2026-03-24,VIC,Melbourne,ulp91,271.2
2026-03-24,WA,Perth,diesel,298.6
2026-03-24,WA,Perth,p95,254.8
2026-03-24,WA,Perth,p98,264.9
2026-03-24,WA,Perth,ulp91,243.8
2026-03-25,WA,Perth,diesel,298.2
2026-03-25,WA,Perth,p95,254.3
2026-03-25,WA,Perth,p98,264.4
2026-03-25,WA,Perth,ulp91,243.3
2026-03-26,QLD,Brisbane,diesel,310.6
2026-03-26,QLD,Brisbane,e10,250.8
2026-03-26,QLD,Brisbane,p95,261.5
2026-03-26,QLD,Brisbane,p98,280.6
2026-03-26,QLD,Brisbane,ulp91,239.0
2026-03-26,WA,Perth,diesel,298.3
2026-03-26,WA,Perth,p95,251.7
2026-03-26,WA,Perth,p98,261.7
2026-03-26,WA,Perth,ulp91,240.6
2026-03-28,QLD,Brisbane,diesel,318.9
2026-03-28,QLD,Brisbane,e10,241.6
2026-03-28,QLD,Brisbane,p95,249.4
2026-03-28,QLD,Brisbane,p98,265.4
2026-03-28,QLD,Brisbane,ulp91,235.5
2026-03-28,WA,Perth,diesel,299.6
2026-03-28,WA,Perth,p95,247.8
2026-03-28,WA,Perth,p98,257.8
2026-03-28,WA,Perth,ulp91,236.7
2026-03-30,WA,Perth,diesel,308.1
2026-03-30,WA,Perth,p95,246.1
2026-03-30,WA,Perth,p98,256.2
2026-03-30,WA,Perth,ulp91,235.1
2026-03-31,WA,Perth,diesel,287.3
2026-03-31,WA,Perth,p95,215.2
2026-03-31,WA,Perth,p98,225.2
2026-03-31,WA,Perth,ulp91,204.2
2026-04-01,QLD,Brisbane,diesel,307.7
2026-04-01,QLD,Brisbane,e10,209.1
2026-04-01,QLD,Brisbane,p95,217.4
2026-04-01,QLD,Brisbane,p98,233.7
2026-04-01,QLD,Brisbane,ulp91,204.6
2026-04-01,WA,Perth,diesel,291.9
2026-04-01,WA,Perth,p95,215.6
2026-04-01,WA,Perth,p98,225.7
2026-04-01,WA,Perth,ulp91,204.6
2026-04-02,QLD,Brisbane,diesel,312.0
2026-04-02,QLD,Brisbane,e10,212.0
2026-04-02,QLD,Brisbane,p95,216.2
2026-04-02,QLD,Brisbane,p98,233.5
2026-04-02,QLD,Brisbane,ulp91,207.6
2026-04-02,WA,Perth,diesel,300.5
2026-04-02,WA,Perth,p95,217.5
2026-04-02,WA,Perth,p98,227.5
2026-04-02,WA,Perth,ulp91,206.4
2026-04-06,WA,Perth,diesel,294.2
2026-04-06,WA,Perth,p95,211.2
2026-04-06,WA,Perth,p98,221.3
2026-04-06,WA,Perth,ulp91,200.2
2026-04-08,QLD,Brisbane,diesel,302.5
2026-04-08,QLD,Brisbane,ulp91,194.4
2026-04-08,VIC,Melbourne,diesel,297.6
2026-04-08,VIC,Melbourne,p98,239.7
2026-04-08,VIC,Melbourne,ulp91,210.2
2026-04-08,WA,Perth,diesel,317.3
2026-04-08,WA,Perth,p95,219.0
2026-04-08,WA,Perth,p98,229.0
2026-04-08,WA,Perth,ulp91,207.9
2026-04-09,QLD,Brisbane,diesel,329.9
2026-04-09,QLD,Brisbane,e10,199.2
2026-04-09,QLD,Brisbane,p95,214.2
2026-04-09,QLD,Brisbane,p98,230.7
2026-04-09,QLD,Brisbane,ulp91,198.9
2026-04-09,WA,Perth,diesel,313.1
2026-04-09,WA,Perth,p95,213.3
2026-04-09,WA,Perth,p98,223.4
2026-04-09,WA,Perth,ulp91,202.3
2026-04-10,QLD,Brisbane,diesel,317.2
2026-04-10,QLD,Brisbane,e10,198.9
2026-04-10,QLD,Brisbane,p95,210.6
2026-04-10,QLD,Brisbane,p98,227.1
2026-04-10,QLD,Brisbane,ulp91,196.1
2026-04-10,VIC,Melbourne,diesel,302.7
2026-04-10,VIC,Melbourne,p98,226.5
2026-04-10,VIC,Melbourne,ulp91,196.6
2026-04-10,WA,Perth,diesel,291.0
2026-04-10,WA,Perth,p95,208.1
2026-04-10,WA,Perth,p98,218.2
2026-04-10,WA,Perth,ulp91,197.1
2026-04-13,WA,Perth,diesel,289.1
2026-04-13,WA,Perth,p95,207.7
2026-04-13,WA,Perth,p98,217.8
2026-04-13,WA,Perth,ulp91,196.7
2026-04-14,QLD,Brisbane,diesel,292.8
2026-04-14,QLD,Brisbane,e10,195.9
2026-04-14,QLD,Brisbane,p95,207.3
2026-04-14,QLD,Brisbane,p98,220.7
2026-04-14,QLD,Brisbane,ulp91,191.5
2026-04-14,VIC,Melbourne,diesel,293.5
2026-04-14,VIC,Melbourne,p98,224.5
2026-04-14,VIC,Melbourne,ulp91,192.6
2026-04-14,WA,Perth,diesel,278.1
2026-04-14,WA,Perth,p95,204.8
2026-04-14,WA,Perth,p98,214.8
2026-04-14,WA,Perth,ulp91,193.7
2026-04-15,QLD,Brisbane,diesel,265.2
2026-04-15,QLD,Brisbane,e10,192.2
2026-04-15,QLD,Brisbane,p95,203.4
2026-04-15,QLD,Brisbane,p98,216.8
2026-04-15,QLD,Brisbane,ulp91,188.0
2026-04-15,VIC,Melbourne,diesel,257.2
2026-04-15,VIC,Melbourne,e10,192.8
2026-04-15,VIC,Melbourne,p95,203.3
2026-04-15,VIC,Melbourne,p98,221.7
2026-04-15,VIC,Melbourne,ulp91,191.8
2026-04-15,WA,Perth,diesel,267.4
2026-04-15,WA,Perth,p95,198.4
2026-04-15,WA,Perth,p98,208.5
2026-04-15,WA,Perth,ulp91,187.4
2026-04-16,QLD,Brisbane,diesel,250.3
2026-04-16,QLD,Brisbane,e10,185.6
2026-04-16,QLD,Brisbane,p95,199.0
2026-04-16,QLD,Brisbane,p98,212.4
2026-04-16,QLD,Brisbane,ulp91,184.2
2026-04-16,WA,Perth,diesel,259.0
2026-04-16,WA,Perth,p95,198.1
2026-04-16,WA,Perth,p98,208.2
2026-04-16,WA,Perth,ulp91,187.1
2026-04-17,VIC,Melbourne,diesel,247.2
2026-04-17,VIC,Melbourne,e10,185.4
2026-04-17,VIC,Melbourne,p95,192.5
2026-04-17,VIC,Melbourne,p98,211.4
2026-04-17,VIC,Melbourne,ulp91,182.6
2026-04-17,WA,Perth,diesel,252.3
2026-04-17,WA,Perth,p95,195.2
2026-04-17,WA,Perth,p98,205.2
2026-04-17,WA,Perth,ulp91,184.1
2026-04-18,QLD,Brisbane,diesel,237.6
2026-04-18,QLD,Brisbane,e10,182.4
2026-04-18,QLD,Brisbane,p95,194.5
2026-04-18,QLD,Brisbane,p98,207.8
2026-04-18,QLD,Brisbane,ulp91,181.0
2026-04-20,QLD,Brisbane,diesel,238.0
2026-04-20,QLD,Brisbane,e10,182.5
2026-04-20,QLD,Brisbane,p95,194.5
2026-04-20,QLD,Brisbane,p98,207.9
2026-04-20,QLD,Brisbane,ulp91,181.1
2026-04-20,WA,Perth,diesel,244.1
2026-04-20,WA,Perth,p95,193.8
2026-04-20,WA,Perth,p98,203.8
2026-04-20,WA,Perth,ulp91,182.8
2026-04-21,QLD,Brisbane,diesel,225.1
2026-04-21,QLD,Brisbane,e10,180.4
2026-04-21,QLD,Brisbane,p95,192.7
2026-04-21,QLD,Brisbane,p98,206.1
2026-04-21,QLD,Brisbane,ulp91,179.0
2026-04-21,WA,Perth,diesel,230.5
2026-04-21,WA,Perth,p95,190.2
2026-04-21,WA,Perth,p98,200.2
2026-04-21,WA,Perth,ulp91,179.2
2026-04-22,QLD,Brisbane,diesel,216.7
2026-04-22,QLD,Brisbane,e10,178.8
2026-04-22,QLD,Brisbane,p95,191.0
2026-04-22,QLD,Brisbane,p98,204.4
2026-04-22,QLD,Brisbane,ulp91,177.4
2026-04-22,VIC,Melbourne,diesel,227.1
2026-04-22,VIC,Melbourne,e10,183.9
2026-04-22,VIC,Melbourne,p95,191.5
2026-04-22,VIC,Melbourne,p98,208.9
2026-04-22,VIC,Melbourne,ulp91,180.1
2026-04-22,WA,Perth,diesel,220.5
2026-04-22,WA,Perth,p95,187.1
2026-04-22,WA,Perth,p98,197.2
2026-04-22,WA,Perth,ulp91,176.1
2026-04-23,QLD,Brisbane,diesel,211.2
2026-04-23,QLD,Brisbane,e10,177.8
2026-04-23,QLD,Brisbane,p95,189.5
2026-04-23,QLD,Brisbane,p98,202.9
2026-04-23,QLD,Brisbane,ulp91,176.3
2026-04-23,WA,Perth,diesel,219.2
2026-04-23,WA,Perth,p95,184.4
2026-04-23,WA,Perth,p98,194.5
2026-04-23,WA,Perth,ulp91,173.4
2026-04-24,QLD,Brisbane,diesel,210.2
2026-04-24,QLD,Brisbane,e10,177.8
2026-04-24,QLD,Brisbane,p95,189.5
2026-04-24,QLD,Brisbane,p98,202.8
2026-04-24,QLD,Brisbane,ulp91,176.4
2026-04-24,VIC,Melbourne,diesel,214.7
2026-04-24,VIC,Melbourne,e10,180.2
2026-04-24,VIC,Melbourne,p95,188.3
2026-04-24,VIC,Melbourne,p98,206.7
2026-04-24,VIC,Melbourne,ulp91,178.0
2026-04-24,WA,Perth,diesel,219.1
2026-04-24,WA,Perth,p95,185.0
2026-04-24,WA,Perth,p98,195.1
2026-04-24,WA,Perth,ulp91,174.0
2026-04-27,QLD,Brisbane,diesel,207.9
2026-04-27,QLD,Brisbane,e10,181.5
2026-04-27,QLD,Brisbane,p95,190.3
2026-04-27,QLD,Brisbane,p98,203.7
2026-04-27,QLD,Brisbane,ulp91,177.1
2026-04-27,WA,Perth,diesel,217.6
2026-04-27,WA,Perth,p95,184.8
2026-04-27,WA,Perth,p98,194.8
2026-04-27,WA,Perth,ulp91,173.7
2026-04-28,QLD,Brisbane,diesel,208.3
2026-04-28,QLD,Brisbane,e10,179.6
2026-04-28,QLD,Brisbane,p95,192.0
2026-04-28,QLD,Brisbane,p98,205.4
2026-04-28,QLD,Brisbane,ulp91,178.2
2026-04-28,WA,Perth,diesel,219.0
2026-04-28,WA,Perth,p95,184.2
2026-04-28,WA,Perth,p98,194.2
2026-04-28,WA,Perth,ulp91,173.1
2026-04-29,QLD,Brisbane,diesel,210.3
2026-04-29,QLD,Brisbane,e10,180.2
2026-04-29,QLD,Brisbane,p95,192.4
2026-04-29,QLD,Brisbane,p98,205.8
2026-04-29,QLD,Brisbane,ulp91,178.8
2026-04-29,WA,Perth,diesel,218.4
2026-04-29,WA,Perth,p95,183.4
2026-04-29,WA,Perth,p98,193.4
2026-04-29,WA,Perth,ulp91,172.3
2026-05-01,QLD,Brisbane,diesel,213.3
2026-05-01,QLD,Brisbane,e10,176.0
2026-05-01,QLD,Brisbane,p95,185.2
2026-05-01,QLD,Brisbane,p98,202.0
2026-05-01,QLD,Brisbane,ulp91,174.6
2026-05-01,WA,Perth,diesel,220.0
2026-05-01,WA,Perth,p95,186.0
2026-05-01,WA,Perth,p98,196.0
2026-05-01,WA,Perth,ulp91,174.9
2026-05-02,VIC,Melbourne,diesel,217.5
2026-05-02,VIC,Melbourne,p98,210.3
2026-05-02,VIC,Melbourne,ulp91,181.6
2026-05-04,QLD,Brisbane,diesel,215.5
2026-05-04,QLD,Brisbane,e10,176.6
2026-05-04,QLD,Brisbane,p95,189.9
2026-05-04,QLD,Brisbane,p98,204.3
2026-05-04,QLD,Brisbane,ulp91,175.2
2026-05-04,WA,Perth,p95,185.0
2026-05-04,WA,Perth,p98,195.0
2026-05-04,WA,Perth,ulp91,174.0
2026-05-05,QLD,Brisbane,diesel,214.3
2026-05-05,QLD,Brisbane,e10,179.4
2026-05-05,QLD,Brisbane,p95,190.2
2026-05-05,QLD,Brisbane,p98,204.6
2026-05-05,QLD,Brisbane,ulp91,177.8
2026-05-05,VIC,Melbourne,diesel,219.0
2026-05-05,VIC,Melbourne,e10,181.8
2026-05-05,VIC,Melbourne,p98,207.2
2026-05-05,VIC,Melbourne,ulp91,181.2
2026-05-05,WA,Perth,diesel,213.3
2026-05-05,WA,Perth,p95,184.8
2026-05-05,WA,Perth,p98,194.9
2026-05-05,WA,Perth,ulp91,173.8
2026-05-07,QLD,Brisbane,diesel,210.1
2026-05-07,QLD,Brisbane,e10,181.0
2026-05-07,QLD,Brisbane,p95,190.8
2026-05-07,QLD,Brisbane,p98,205.2
2026-05-07,QLD,Brisbane,ulp91,180.1
2026-05-07,WA,Perth,diesel,206.2
2026-05-07,WA,Perth,p95,186.1
2026-05-07,WA,Perth,p98,196.1
2026-05-07,WA,Perth,ulp91,175.0
2026-05-09,QLD,Brisbane,diesel,206.4
2026-05-09,QLD,Brisbane,e10,178.9
2026-05-09,QLD,Brisbane,p95,189.6
2026-05-09,QLD,Brisbane,p98,204.1
2026-05-09,QLD,Brisbane,ulp91,177.5
2026-05-09,WA,Perth,diesel,196.3
2026-05-09,WA,Perth,p95,183.1
2026-05-09,WA,Perth,p98,193.1
2026-05-09,WA,Perth,ulp91,172.0
2026-05-11,QLD,Brisbane,diesel,204.2
2026-05-11,QLD,Brisbane,e10,178.2
2026-05-11,QLD,Brisbane,p95,188.4
2026-05-11,QLD,Brisbane,p98,202.8
2026-05-11,QLD,Brisbane,ulp91,176.8
2026-05-11,VIC,Melbourne,diesel,206.7
2026-05-11,VIC,Melbourne,p98,199.1
2026-05-11,VIC,Melbourne,ulp91,173.4
2026-05-11,WA,Perth,diesel,195.4
2026-05-11,WA,Perth,p95,181.3
2026-05-11,WA,Perth,p98,191.4
2026-05-11,WA,Perth,ulp91,170.3
2026-05-12,QLD,Brisbane,diesel,201.8
2026-05-12,QLD,Brisbane,e10,177.5
2026-05-12,QLD,Brisbane,p95,187.4
2026-05-12,QLD,Brisbane,p98,201.8
2026-05-12,QLD,Brisbane,ulp91,176.1
2026-05-12,WA,Perth,diesel,194.2
2026-05-12,WA,Perth,p95,180.6
2026-05-12,WA,Perth,p98,190.6
2026-05-12,WA,Perth,ulp91,169.5
2026-05-13,QLD,Brisbane,diesel,199.1
2026-05-13,QLD,Brisbane,e10,177.0
2026-05-13,QLD,Brisbane,p95,186.7
2026-05-13,QLD,Brisbane,p98,201.1
2026-05-13,QLD,Brisbane,ulp91,175.6
2026-05-13,WA,Perth,diesel,193.7
2026-05-13,WA,Perth,p95,179.6
2026-05-13,WA,Perth,p98,189.7
2026-05-13,WA,Perth,ulp91,168.6
2026-05-14,QLD,Brisbane,diesel,199.5
2026-05-14,QLD,Brisbane,e10,177.4
2026-05-14,QLD,Brisbane,p95,187.1
2026-05-14,QLD,Brisbane,p98,201.5
2026-05-14,QLD,Brisbane,ulp91,176.0
2026-05-14,WA,Perth,diesel,195.3
2026-05-14,WA,Perth,p95,179.6
2026-05-14,WA,Perth,p98,189.6
2026-05-14,WA,Perth,ulp91,168.6
2026-05-15,VIC,Melbourne,diesel,196.2
2026-05-15,VIC,Melbourne,e10,172.8
2026-05-15,VIC,Melbourne,p98,196.8
2026-05-15,VIC,Melbourne,ulp91,171.2
2026-05-15,WA,Perth,diesel,197.6
2026-05-15,WA,Perth,p95,181.7
2026-05-15,WA,Perth,p98,191.8
2026-05-15,WA,Perth,ulp91,170.7
2026-05-16,QLD,Brisbane,diesel,199.2
2026-05-16,QLD,Brisbane,e10,176.8
2026-05-16,QLD,Brisbane,p95,187.0
2026-05-16,QLD,Brisbane,p98,201.4
2026-05-16,QLD,Brisbane,ulp91,175.4
2026-05-18,QLD,Brisbane,diesel,200.0
2026-05-18,QLD,Brisbane,e10,177.0
2026-05-18,QLD,Brisbane,p95,187.6
2026-05-18,QLD,Brisbane,p98,202.0
2026-05-18,QLD,Brisbane,ulp91,175.6
2026-05-18,WA,Perth,diesel,199.8
2026-05-18,WA,Perth,p95,184.1
2026-05-18,WA,Perth,p98,194.2
2026-05-18,WA,Perth,ulp91,173.1
2026-05-19,QLD,Brisbane,diesel,202.4
2026-05-19,QLD,Brisbane,e10,178.9
2026-05-19,QLD,Brisbane,p95,189.9
2026-05-19,QLD,Brisbane,p98,204.3
2026-05-19,QLD,Brisbane,ulp91,177.5
2026-05-19,VIC,Melbourne,diesel,198.6
2026-05-19,VIC,Melbourne,e10,174.7
2026-05-19,VIC,Melbourne,p98,198.7
2026-05-19,VIC,Melbourne,ulp91,173.0
2026-05-19,WA,Perth,diesel,202.1
2026-05-19,WA,Perth,p95,186.8
2026-05-19,WA,Perth,p98,196.9
2026-05-19,WA,Perth,ulp91,175.8
2026-05-20,QLD,Brisbane,diesel,204.2
2026-05-20,QLD,Brisbane,e10,181.0
2026-05-20,QLD,Brisbane,p95,192.2
2026-05-20,QLD,Brisbane,p98,206.6
2026-05-20,QLD,Brisbane,ulp91,179.6
2026-05-20,WA,Perth,diesel,203.7
2026-05-20,WA,Perth,p95,189.0
2026-05-20,WA,Perth,p98,199.0
2026-05-20,WA,Perth,ulp91,178.0
2026-05-21,QLD,Brisbane,diesel,206.1
2026-05-21,QLD,Brisbane,e10,182.3
2026-05-21,QLD,Brisbane,p95,193.5
2026-05-21,QLD,Brisbane,ulp91,180.9
2026-05-21,VIC,Melbourne,diesel,202.2
2026-05-21,VIC,Melbourne,e10,177.9
2026-05-21,VIC,Melbourne,p95,185.0
2026-05-21,VIC,Melbourne,p98,203.4
2026-05-21,VIC,Melbourne,ulp91,177.5
2026-05-21,WA,Perth,diesel,204.0
2026-05-21,WA,Perth,p95,189.5
2026-05-21,WA,Perth,p98,199.6
2026-05-21,WA,Perth,ulp91,178.5
2026-05-22,QLD,Brisbane,diesel,205.4
2026-05-22,QLD,Brisbane,e10,182.1
2026-05-22,QLD,Brisbane,p95,192.9
2026-05-22,QLD,Brisbane,p98,207.4
2026-05-22,QLD,Brisbane,ulp91,180.7
2026-05-22,WA,Perth,diesel,203.5
2026-05-22,WA,Perth,p95,188.8
2026-05-22,WA,Perth,p98,198.9
2026-05-22,WA,Perth,ulp91,177.8
2026-05-25,QLD,Brisbane,diesel,204.0
2026-05-25,QLD,Brisbane,e10,181.2
2026-05-25,QLD,Brisbane,p95,191.8
2026-05-25,QLD,Brisbane,p98,206.2
2026-05-25,QLD,Brisbane,ulp91,179.8
2026-05-25,WA,Perth,diesel,201.7
2026-05-25,WA,Perth,p95,185.6
2026-05-25,WA,Perth,p98,195.6
2026-05-25,WA,Perth,ulp91,174.5
2026-05-26,QLD,Brisbane,diesel,201.6
2026-05-26,QLD,Brisbane,e10,179.9
2026-05-26,QLD,Brisbane,p98,204.3
2026-05-26,QLD,Brisbane,ulp91,178.5
2026-05-26,VIC,Melbourne,diesel,199.8
2026-05-26,VIC,Melbourne,p98,200.6
2026-05-26,VIC,Melbourne,ulp91,174.8
2026-05-26,WA,Perth,diesel,198.4
2026-05-26,WA,Perth,p95,183.7
2026-05-26,WA,Perth,p98,193.7
2026-05-26,WA,Perth,ulp91,172.7
2026-05-27,QLD,Brisbane,diesel,197.1
2026-05-27,QLD,Brisbane,e10,175.2
2026-05-27,QLD,Brisbane,p95,181.4
2026-05-27,QLD,Brisbane,p98,200.2
2026-05-27,QLD,Brisbane,ulp91,175.1
2026-05-27,VIC,Melbourne,diesel,195.4
2026-05-27,VIC,Melbourne,e10,172.4
2026-05-27,VIC,Melbourne,p98,197.2
2026-05-27,VIC,Melbourne,ulp91,171.6
2026-05-27,WA,Perth,diesel,193.3
2026-05-27,WA,Perth,p95,180.3
2026-05-27,WA,Perth,p98,190.4
2026-05-27,WA,Perth,ulp91,169.3
2026-05-28,QLD,Brisbane,diesel,194.5
2026-05-28,QLD,Brisbane,e10,170.8
2026-05-28,QLD,Brisbane,p95,179.7
2026-05-28,QLD,Brisbane,p98,196.5
2026-05-28,QLD,Brisbane,ulp91,171.0
2026-05-28,VIC,Melbourne,diesel,191.8
2026-05-28,VIC,Melbourne,e10,169.3
2026-05-28,VIC,Melbourne,p95,173.7
2026-05-28,VIC,Melbourne,p98,194.1
2026-05-28,VIC,Melbourne,ulp91,168.1
2026-05-28,WA,Perth,diesel,190.3
2026-05-28,WA,Perth,p95,178.2
2026-05-28,WA,Perth,p98,188.2
2026-05-28,WA,Perth,ulp91,167.1
2026-05-29,QLD,Brisbane,diesel,192.4
2026-05-29,QLD,Brisbane,e10,170.1
2026-05-29,QLD,Brisbane,p95,175.9
2026-05-29,QLD,Brisbane,p98,192.7
2026-05-29,QLD,Brisbane,ulp91,169.8
2026-05-29,VIC,Melbourne,diesel,188.5
2026-05-29,VIC,Melbourne,e10,166.4
2026-05-29,VIC,Melbourne,p95,169.7
2026-05-29,VIC,Melbourne,p98,190.8
2026-05-29,VIC,Melbourne,ulp91,164.9
2026-05-29,WA,Perth,diesel,186.4
2026-05-29,WA,Perth,p95,175.3
2026-05-29,WA,Perth,p98,185.4
2026-05-29,WA,Perth,ulp91,164.3
2026-06-01,QLD,Brisbane,diesel,181.8
2026-06-01,QLD,Brisbane,e10,161.7
2026-06-01,QLD,Brisbane,p95,170.3
2026-06-01,QLD,Brisbane,p98,187.7
2026-06-01,QLD,Brisbane,ulp91,161.1
2026-06-01,VIC,Melbourne,diesel,184.1
2026-06-01,VIC,Melbourne,e10,162.8
2026-06-01,VIC,Melbourne,p95,168.4
2026-06-01,VIC,Melbourne,p98,186.8
2026-06-01,VIC,Melbourne,ulp91,160.9
2026-06-01,WA,Perth,diesel,182.4
2026-06-01,WA,Perth,p95,172.0
2026-06-01,WA,Perth,p98,182.1
2026-06-01,WA,Perth,ulp91,161.0
2026-06-02,QLD,Brisbane,diesel,181.5
2026-06-02,QLD,Brisbane,e10,160.2
2026-06-02,QLD,Brisbane,p95,169.0
2026-06-02,QLD,Brisbane,p98,186.4
2026-06-02,QLD,Brisbane,ulp91,159.6
2026-06-02,VIC,Melbourne,diesel,184.1
2026-06-02,VIC,Melbourne,e10,162.8
2026-06-02,VIC,Melbourne,p95,168.3
2026-06-02,VIC,Melbourne,p98,186.8
2026-06-02,VIC,Melbourne,ulp91,160.9
2026-06-02,WA,Perth,diesel,181.7
2026-06-02,WA,Perth,p95,170.6
2026-06-02,WA,Perth,p98,180.6
2026-06-02,WA,Perth,ulp91,159.5
2026-06-03,QLD,Brisbane,diesel,182.0
2026-06-03,QLD,Brisbane,e10,158.2
2026-06-03,QLD,Brisbane,p95,166.9
2026-06-03,QLD,Brisbane,p98,184.5
2026-06-03,QLD,Brisbane,ulp91,157.6
2026-06-03,VIC,Melbourne,diesel,181.8
2026-06-03,VIC,Melbourne,e10,160.1
2026-06-03,VIC,Melbourne,p95,165.5
2026-06-03,VIC,Melbourne,p98,184.2
2026-06-03,VIC,Melbourne,ulp91,158.3
2026-06-03,WA,Perth,diesel,182.3
2026-06-03,WA,Perth,p95,168.1
2026-06-03,WA,Perth,p98,178.2
2026-06-03,WA,Perth,ulp91,157.1
2026-06-04,WA,Perth,diesel,184.2
2026-06-04,WA,Perth,p95,169.0
2026-06-04,WA,Perth,p98,179.1
2026-06-04,WA,Perth,ulp91,158.0
2026-06-06,QLD,Brisbane,diesel,180.5
2026-06-06,QLD,Brisbane,e10,161.3
2026-06-06,QLD,Brisbane,p95,165.8
2026-06-06,QLD,Brisbane,p98,181.1
2026-06-06,QLD,Brisbane,ulp91,159.9
2026-06-06,VIC,Melbourne,diesel,180.6
2026-06-06,VIC,Melbourne,e10,157.4
2026-06-06,VIC,Melbourne,p95,161.8
2026-06-06,VIC,Melbourne,p98,181.2
2026-06-06,VIC,Melbourne,ulp91,155.1
2026-06-06,WA,Perth,diesel,186.5
2026-06-06,WA,Perth,p95,168.6
2026-06-06,WA,Perth,p98,178.7
2026-06-06,WA,Perth,ulp91,157.6
2026-06-08,QLD,Brisbane,diesel,180.2
2026-06-08,QLD,Brisbane,e10,159.9
2026-06-08,QLD,Brisbane,p95,164.6
2026-06-08,QLD,Brisbane,p98,177.9
2026-06-08,QLD,Brisbane,ulp91,158.4
2026-06-08,VIC,Melbourne,diesel,180.2
2026-06-08,VIC,Melbourne,e10,156.2
2026-06-08,VIC,Melbourne,p95,160.8
2026-06-08,VIC,Melbourne,p98,179.9
2026-06-08,VIC,Melbourne,ulp91,153.8
2026-06-08,WA,Perth,diesel,187.1
2026-06-08,WA,Perth,p95,168.8
2026-06-08,WA,Perth,p98,178.9
2026-06-08,WA,Perth,ulp91,157.8
2026-06-09,QLD,Brisbane,diesel,180.7
2026-06-09,QLD,Brisbane,e10,159.5
2026-06-09,QLD,Brisbane,ulp91,158.1
2026-06-09,VIC,Melbourne,diesel,181.7
2026-06-09,VIC,Melbourne,e10,155.8
2026-06-09,VIC,Melbourne,p95,160.2
2026-06-09,VIC,Melbourne,p98,179.6
2026-06-09,VIC,Melbourne,ulp91,153.4
2026-06-09,WA,Perth,diesel,186.9
2026-06-09,WA,Perth,p95,169.9
2026-06-09,WA,Perth,p98,180.0
2026-06-09,WA,Perth,ulp91,158.9
2026-06-11,QLD,Brisbane,diesel,181.2
2026-06-11,QLD,Brisbane,e10,160.5
2026-06-11,QLD,Brisbane,p95,166.3
2026-06-11,QLD,Brisbane,p98,179.7
2026-06-11,QLD,Brisbane,ulp91,159.1
2026-06-11,VIC,Melbourne,diesel,180.7
2026-06-11,VIC,Melbourne,e10,155.7
2026-06-11,VIC,Melbourne,p95,161.8
2026-06-11,VIC,Melbourne,p98,181.1
2026-06-11,VIC,Melbourne,ulp91,154.6
2026-06-11,WA,Perth,diesel,183.7
2026-06-11,WA,Perth,p95,170.8
2026-06-11,WA,Perth,p98,180.8
2026-06-11,WA,Perth,ulp91,159.7
2026-06-12,QLD,Brisbane,diesel,177.9
2026-06-12,QLD,Brisbane,e10,159.4
2026-06-12,QLD,Brisbane,p95,167.9
2026-06-12,QLD,Brisbane,p98,184.8
2026-06-12,QLD,Brisbane,ulp91,159.5
2026-06-12,VIC,Melbourne,diesel,180.2
2026-06-12,VIC,Melbourne,e10,156.6
2026-06-12,VIC,Melbourne,p95,163.6
2026-06-12,VIC,Melbourne,p98,182.2
2026-06-12,VIC,Melbourne,ulp91,155.5
2026-06-12,WA,Perth,diesel,182.2
2026-06-12,WA,Perth,p95,171.7
2026-06-12,WA,Perth,p98,181.8
2026-06-12,WA,Perth,ulp91,160.7
2026-06-15,QLD,Brisbane,diesel,174.6
2026-06-15,QLD,Brisbane,e10,156.7
2026-06-15,QLD,Brisbane,p95,167.4
2026-06-15,QLD,Brisbane,p98,183.7
2026-06-15,QLD,Brisbane,ulp91,156.3
2026-06-15,WA,Perth,diesel,179.7
2026-06-15,WA,Perth,p95,172.0
2026-06-15,WA,Perth,p98,182.0
2026-06-15,WA,Perth,ulp91,161.0
2026-06-16,QLD,Brisbane,diesel,170.6
2026-06-16,QLD,Brisbane,e10,155.4
2026-06-16,QLD,Brisbane,p95,164.7
2026-06-16,QLD,Brisbane,p98,181.1
2026-06-16,QLD,Brisbane,ulp91,155.1
2026-06-16,WA,Perth,diesel,174.4
2026-06-16,WA,Perth,p95,169.0
2026-06-16,WA,Perth,p98,179.0
2026-06-16,WA,Perth,ulp91,157.9
2026-06-17,QLD,Brisbane,diesel,167.1
2026-06-17,QLD,Brisbane,e10,154.0
2026-06-17,QLD,Brisbane,p95,163.0
2026-06-17,QLD,Brisbane,p98,179.3
2026-06-17,QLD,Brisbane,ulp91,153.6
2026-06-17,VIC,Melbourne,diesel,170.2
2026-06-17,VIC,Melbourne,e10,153.2
2026-06-17,VIC,Melbourne,p95,162.2
2026-06-17,VIC,Melbourne,ulp91,152.5
2026-06-17,WA,Perth,diesel,170.1
2026-06-17,WA,Perth,p95,166.5
2026-06-17,WA,Perth,p98,176.6
2026-06-17,WA,Perth,ulp91,155.5
2026-06-18,QLD,Brisbane,diesel,164.9
2026-06-18,QLD,Brisbane,e10,150.6
2026-06-18,QLD,Brisbane,p95,159.6
2026-06-18,QLD,Brisbane,p98,176.2
2026-06-18,QLD,Brisbane,ulp91,150.3
2026-06-18,WA,Perth,diesel,165.2
2026-06-18,WA,Perth,p95,163.3
2026-06-18,WA,Perth,p98,173.4
2026-06-18,WA,Perth,ulp91,152.3
2026-06-19,QLD,Brisbane,diesel,163.6
2026-06-19,QLD,Brisbane,e10,149.1
2026-06-19,QLD,Brisbane,p95,157.6
2026-06-19,QLD,Brisbane,p98,174.2
2026-06-19,QLD,Brisbane,ulp91,148.2
2026-06-19,VIC,Melbourne,diesel,162.2
2026-06-19,VIC,Melbourne,e10,148.6
2026-06-19,VIC,Melbourne,p95,158.2
2026-06-19,VIC,Melbourne,p98,175.7
2026-06-19,VIC,Melbourne,ulp91,147.3
2026-06-19,WA,Perth,diesel,159.9
2026-06-19,WA,Perth,p95,160.3
2026-06-19,WA,Perth,p98,170.3
2026-06-19,WA,Perth,ulp91,149.2
2026-06-22,QLD,Brisbane,diesel,160.2
2026-06-22,QLD,Brisbane,e10,151.9
2026-06-22,QLD,Brisbane,p95,157.1
2026-06-22,QLD,Brisbane,p98,172.4
2026-06-22,QLD,Brisbane,ulp91,150.9
2026-06-22,VIC,Melbourne,diesel,158.8
2026-06-22,VIC,Melbourne,e10,147.1
2026-06-22,VIC,Melbourne,p95,156.0
2026-06-22,VIC,Melbourne,p98,173.6
2026-06-22,VIC,Melbourne,ulp91,145.6
2026-06-22,WA,Perth,diesel,157.2
2026-06-22,WA,Perth,p95,159.0
2026-06-22,WA,Perth,p98,169.0
2026-06-22,WA,Perth,ulp91,148.0
2026-06-23,QLD,Brisbane,diesel,156.1
2026-06-23,QLD,Brisbane,e10,150.9
2026-06-23,QLD,Brisbane,p95,158.1
2026-06-23,QLD,Brisbane,p98,173.9
2026-06-23,QLD,Brisbane,ulp91,151.4
2026-06-23,WA,Perth,diesel,156.4
2026-06-23,WA,Perth,p95,158.9
2026-06-23,WA,Perth,p98,168.9
2026-06-23,WA,Perth,ulp91,147.8
2026-06-24,QLD,Brisbane,diesel,154.0
2026-06-24,QLD,Brisbane,e10,150.8
2026-06-24,QLD,Brisbane,p95,158.0
2026-06-24,QLD,Brisbane,p98,173.3
2026-06-24,QLD,Brisbane,ulp91,151.3
2026-06-24,VIC,Melbourne,diesel,153.2
2026-06-24,VIC,Melbourne,e10,143.7
2026-06-24,VIC,Melbourne,p95,151.8
2026-06-24,VIC,Melbourne,p98,170.5
2026-06-24,VIC,Melbourne,ulp91,142.4
2026-06-24,WA,Perth,diesel,155.6
2026-06-24,WA,Perth,p95,158.3
2026-06-24,WA,Perth,p98,168.3
2026-06-24,WA,Perth,ulp91,147.3
2026-06-25,QLD,Brisbane,diesel,153.3
2026-06-25,QLD,Brisbane,e10,150.3
2026-06-25,QLD,Brisbane,p95,157.4
2026-06-25,QLD,Brisbane,p98,172.7
2026-06-25,QLD,Brisbane,ulp91,150.9
2026-06-25,VIC,Melbourne,diesel,152.4
2026-06-25,VIC,Melbourne,e10,143.2
2026-06-25,VIC,Melbourne,p95,151.0
2026-06-25,VIC,Melbourne,p98,169.6
2026-06-25,VIC,Melbourne,ulp91,141.6
2026-06-25,WA,Perth,diesel,155.5
2026-06-25,WA,Perth,p95,157.9
2026-06-25,WA,Perth,p98,167.9
2026-06-25,WA,Perth,ulp91,146.9
2026-06-26,QLD,Brisbane,diesel,153.2
2026-06-26,QLD,Brisbane,e10,149.7
2026-06-26,QLD,Brisbane,p95,157.2
2026-06-26,QLD,Brisbane,p98,172.5
2026-06-26,QLD,Brisbane,ulp91,150.2
2026-06-26,VIC,Melbourne,diesel,152.2
2026-06-26,VIC,Melbourne,e10,142.3
2026-06-26,VIC,Melbourne,p95,150.0
2026-06-26,VIC,Melbourne,p98,168.8
2026-06-26,VIC,Melbourne,ulp91,140.8
2026-06-26,WA,Perth,diesel,155.7
2026-06-26,WA,Perth,p95,157.2
2026-06-26,WA,Perth,p98,167.3
2026-06-26,WA,Perth,ulp91,146.2
2026-06-29,QLD,Brisbane,diesel,163.9
2026-06-29,QLD,Brisbane,e10,149.7
2026-06-29,QLD,Brisbane,p95,157.0
2026-06-29,QLD,Brisbane,p98,172.3
2026-06-29,QLD,Brisbane,ulp91,150.2
2026-06-29,VIC,Melbourne,diesel,152.1
2026-06-29,VIC,Melbourne,e10,142.1
2026-06-29,VIC,Melbourne,p95,149.9
2026-06-29,VIC,Melbourne,p98,168.5
2026-06-29,VIC,Melbourne,ulp91,140.5
2026-06-29,WA,Perth,diesel,155.6
2026-06-29,WA,Perth,p95,156.4
2026-06-29,WA,Perth,p98,166.5
2026-06-29,WA,Perth,ulp91,145.4
2026-06-30,QLD,Brisbane,diesel,171.8
2026-06-30,QLD,Brisbane,e10,163.9
2026-06-30,QLD,Brisbane,p95,170.8
2026-06-30,QLD,Brisbane,p98,188.6
2026-06-30,QLD,Brisbane,ulp91,165.1
2026-06-30,VIC,Melbourne,diesel,170.5
2026-06-30,VIC,Melbourne,e10,158.6
2026-06-30,VIC,Melbourne,p95,167.9
2026-06-30,VIC,Melbourne,p98,186.3
2026-06-30,VIC,Melbourne,ulp91,158.2
2026-06-30,WA,Perth,diesel,173.1
2026-06-30,WA,Perth,p95,176.5
2026-06-30,WA,Perth,p98,186.5
2026-06-30,WA,Perth,ulp91,165.5
2026-07-01,QLD,Brisbane,diesel,172.9
2026-07-01,QLD,Brisbane,e10,164.8
2026-07-01,QLD,Brisbane,p95,170.4
2026-07-01,QLD,Brisbane,p98,187.2
2026-07-01,QLD,Brisbane,ulp91,165.4
2026-07-01,VIC,Melbourne,diesel,173.5
2026-07-01,VIC,Melbourne,e10,160.0
2026-07-01,VIC,Melbourne,p95,171.7
2026-07-01,VIC,Melbourne,p98,189.1
2026-07-01,VIC,Melbourne,ulp91,160.8
2026-07-01,WA,Perth,diesel,174.1
2026-07-01,WA,Perth,p95,176.3
2026-07-01,WA,Perth,p98,186.4
2026-07-01,WA,Perth,ulp91,165.3
2026-07-02,QLD,Brisbane,diesel,173.3
2026-07-02,QLD,Brisbane,e10,162.8
2026-07-02,QLD,Brisbane,p95,169.2
2026-07-02,QLD,Brisbane,p98,186.3
2026-07-02,QLD,Brisbane,ulp91,163.4
2026-07-02,VIC,Melbourne,diesel,173.9
2026-07-02,VIC,Melbourne,e10,159.1
2026-07-02,VIC,Melbourne,p95,170.9
2026-07-02,VIC,Melbourne,p98,188.1
2026-07-02,VIC,Melbourne,ulp91,159.8
2026-07-02,WA,Perth,diesel,174.9
2026-07-02,WA,Perth,p95,175.8
2026-07-02,WA,Perth,p98,185.9
2026-07-02,WA,Perth,ulp91,164.8
2026-07-04,QLD,Brisbane,diesel,174.4
2026-07-04,QLD,Brisbane,e10,161.1
2026-07-04,QLD,Brisbane,p95,169.3
2026-07-04,QLD,Brisbane,p98,185.3
2026-07-04,QLD,Brisbane,ulp91,162.4
2026-07-04,VIC,Melbourne,diesel,175.2
2026-07-04,VIC,Melbourne,e10,158.4
2026-07-04,VIC,Melbourne,p95,168.9
2026-07-04,VIC,Melbourne,p98,187.3
2026-07-04,VIC,Melbourne,ulp91,159.1
2026-07-04,WA,Perth,diesel,176.0
2026-07-04,WA,Perth,p95,175.2
2026-07-04,WA,Perth,p98,185.3
2026-07-04,WA,Perth,ulp91,164.2
2026-07-06,QLD,Brisbane,diesel,174.1
2026-07-06,QLD,Brisbane,e10,160.7
2026-07-06,QLD,Brisbane,p95,169.2
2026-07-06,QLD,Brisbane,p98,185.0
2026-07-06,QLD,Brisbane,ulp91,162.1
2026-07-06,VIC,Melbourne,diesel,175.8
2026-07-06,VIC,Melbourne,e10,158.2
2026-07-06,VIC,Melbourne,p95,168.8
2026-07-06,VIC,Melbourne,p98,187.2
2026-07-06,VIC,Melbourne,ulp91,158.9
2026-07-06,WA,Perth,diesel,176.5
2026-07-06,WA,Perth,p95,174.7
2026-07-06,WA,Perth,p98,184.7
2026-07-06,WA,Perth,ulp91,163.7
2026-07-07,QLD,Brisbane,diesel,174.4
2026-07-07,QLD,Brisbane,e10,160.6
2026-07-07,QLD,Brisbane,p95,169.4
2026-07-07,QLD,Brisbane,p98,185.1
2026-07-07,QLD,Brisbane,ulp91,161.8
2026-07-07,VIC,Melbourne,diesel,176.6
2026-07-07,VIC,Melbourne,e10,158.4
2026-07-07,VIC,Melbourne,p95,168.8
2026-07-07,VIC,Melbourne,p98,187.3
2026-07-07,VIC,Melbourne,ulp91,159.0
2026-07-07,WA,Perth,diesel,176.0
2026-07-07,WA,Perth,p95,173.5
2026-07-07,WA,Perth,p98,183.6
2026-07-07,WA,Perth,ulp91,162.5
2026-07-08,QLD,Brisbane,diesel,174.3
2026-07-08,QLD,Brisbane,e10,160.1
2026-07-08,QLD,Brisbane,p95,168.8
2026-07-08,QLD,Brisbane,p98,184.4
2026-07-08,QLD,Brisbane,ulp91,161.0
2026-07-08,VIC,Melbourne,diesel,177.2
2026-07-08,VIC,Melbourne,e10,157.7
2026-07-08,VIC,Melbourne,p95,168.7
2026-07-08,VIC,Melbourne,p98,186.8
2026-07-08,VIC,Melbourne,ulp91,158.4
2026-07-08,WA,Perth,diesel,176.5
2026-07-08,WA,Perth,p95,172.4
2026-07-08,WA,Perth,p98,182.4
2026-07-08,WA,Perth,ulp91,161.4
2026-07-09,QLD,Brisbane,diesel,175.2
2026-07-09,QLD,Brisbane,e10,159.4
2026-07-09,QLD,Brisbane,p95,167.9
2026-07-09,QLD,Brisbane,p98,183.6
2026-07-09,QLD,Brisbane,ulp91,160.3
2026-07-09,VIC,Melbourne,diesel,175.7
2026-07-09,VIC,Melbourne,e10,155.0
2026-07-09,VIC,Melbourne,p95,164.0
2026-07-09,VIC,Melbourne,p98,182.6
2026-07-09,VIC,Melbourne,ulp91,154.4
2026-07-09,WA,Perth,diesel,177.3
2026-07-09,WA,Perth,p95,172.0
2026-07-09,WA,Perth,p98,182.1
2026-07-09,WA,Perth,ulp91,161.0
2026-07-10,QLD,Brisbane,diesel,176.8
2026-07-10,QLD,Brisbane,e10,158.8
2026-07-10,QLD,Brisbane,p95,167.4
2026-07-10,QLD,Brisbane,p98,182.9
2026-07-10,QLD,Brisbane,ulp91,159.7
2026-07-10,VIC,Melbourne,diesel,177.4
2026-07-10,VIC,Melbourne,e10,154.6
2026-07-10,VIC,Melbourne,p95,165.0
2026-07-10,VIC,Melbourne,p98,181.9
2026-07-10,VIC,Melbourne,ulp91,153.6
2026-07-10,WA,Perth,diesel,179.0
2026-07-10,WA,Perth,p95,172.1
2026-07-10,WA,Perth,p98,182.2
2026-07-10,WA,Perth,ulp91,161.1
2026-07-13,QLD,Brisbane,diesel,178.0
2026-07-13,QLD,Brisbane,e10,158.7
2026-07-13,QLD,Brisbane,p95,167.8
2026-07-13,QLD,Brisbane,p98,183.2
2026-07-13,QLD,Brisbane,ulp91,159.6
2026-07-13,VIC,Melbourne,diesel,179.0
2026-07-13,VIC,Melbourne,e10,156.1
2026-07-13,VIC,Melbourne,p95,168.0
2026-07-13,VIC,Melbourne,p98,184.3
2026-07-13,VIC,Melbourne,ulp91,155.3
2026-07-13,WA,Perth,diesel,181.1
2026-07-13,WA,Perth,p95,172.2
2026-07-13,WA,Perth,p98,182.2
2026-07-13,WA,Perth,ulp91,161.1
2026-07-14,QLD,Brisbane,diesel,181.1
2026-07-14,QLD,Brisbane,e10,158.8
2026-07-14,QLD,Brisbane,p95,168.9
2026-07-14,QLD,Brisbane,p98,184.1
2026-07-14,QLD,Brisbane,ulp91,160.2
2026-07-14,VIC,Melbourne,diesel,182.1
2026-07-14,VIC,Melbourne,e10,156.4
2026-07-14,VIC,Melbourne,p95,168.7
2026-07-14,VIC,Melbourne,p98,184.9
2026-07-14,VIC,Melbourne,ulp91,155.8
2026-07-14,WA,Perth,diesel,184.3
2026-07-14,WA,Perth,p95,172.4
2026-07-14,WA,Perth,p98,182.5
2026-07-14,WA,Perth,ulp91,161.4
2026-07-15,QLD,Brisbane,diesel,186.8
2026-07-15,QLD,Brisbane,e10,160.7
2026-07-15,QLD,Brisbane,p95,169.7
2026-07-15,QLD,Brisbane,p98,186.1
2026-07-15,QLD,Brisbane,ulp91,161.5
2026-07-15,VIC,Melbourne,diesel,189.7
2026-07-15,VIC,Melbourne,e10,158.4
2026-07-15,VIC,Melbourne,p95,170.7
2026-07-15,VIC,Melbourne,p98,186.7
2026-07-15,VIC,Melbourne,ulp91,157.8
2026-07-15,WA,Perth,diesel,191.6
2026-07-15,WA,Perth,p95,175.4
2026-07-15,WA,Perth,p98,185.4
2026-07-15,WA,Perth,ulp91,164.4
2026-07-16,QLD,Brisbane,diesel,191.2
2026-07-16,QLD,Brisbane,e10,162.3
2026-07-16,QLD,Brisbane,p95,171.2
2026-07-16,QLD,Brisbane,p98,187.5
2026-07-16,QLD,Brisbane,ulp91,163.2
2026-07-16,VIC,Melbourne,diesel,194.8
2026-07-16,VIC,Melbourne,e10,160.7
2026-07-16,VIC,Melbourne,p95,171.7
2026-07-16,VIC,Melbourne,p98,189.1
2026-07-16,VIC,Melbourne,ulp91,160.0
2026-07-16,WA,Perth,diesel,196.5
2026-07-16,WA,Perth,p95,177.8
2026-07-16,WA,Perth,p98,187.9
2026-07-16,WA,Perth,ulp91,166.8
2026-07-17,QLD,Brisbane,diesel,193.7
2026-07-17,QLD,Brisbane,e10,164.3
2026-07-17,QLD,Brisbane,p95,172.7
2026-07-17,QLD,Brisbane,p98,189.3
2026-07-17,QLD,Brisbane,ulp91,163.8
2026-07-17,VIC,Melbourne,diesel,197.5
2026-07-17,VIC,Melbourne,e10,162.7
2026-07-17,VIC,Melbourne,p95,173.7
2026-07-17,VIC,Melbourne,p98,191.1
2026-07-17,VIC,Melbourne,ulp91,162.1
2026-07-17,WA,Perth,diesel,199.6
2026-07-17,WA,Perth,p95,180.0
2026-07-17,WA,Perth,p98,190.0
2026-07-17,WA,Perth,ulp91,169.0
2026-07-20,QLD,Brisbane,diesel,197.1
2026-07-20,QLD,Brisbane,e10,164.9
2026-07-20,QLD,Brisbane,p95,174.8
2026-07-20,QLD,Brisbane,p98,191.3
2026-07-20,QLD,Brisbane,ulp91,165.3
2026-07-20,VIC,Melbourne,diesel,201.9
2026-07-20,VIC,Melbourne,e10,164.7
2026-07-20,VIC,Melbourne,p95,175.7
2026-07-20,VIC,Melbourne,p98,193.5
2026-07-20,VIC,Melbourne,ulp91,164.5
2026-07-20,WA,Perth,diesel,204.0
2026-07-20,WA,Perth,p95,182.3
2026-07-20,WA,Perth,p98,192.3
2026-07-20,WA,Perth,ulp91,171.2
